"Name","Length"
"10nut.png","60462"
"2fish.png","45963"
"3fish.png","41664"
"4nut.png","54151"
"6apple.png","74593"
"appleTree.png","58602"
"bacdau.png","206807"
"chihang.png","214941"
"chimse.png","260220"
"chucuoi.png","185169"
"cuoi1.png","312130"
"cuoi2.png","173669"
"cuoi3.png","195590"
"cuoi4.png","163115"
"firefly.png","863201"
"fireflyblue.png","130621"
"g0l5p3y.png","266986"
"g0l5q3g.png","265645"
"g0l7q3b.png","144327"
"g0l7q3p.png","120741"
"g0l7q3y.png","175306"
"icon_apple.png","577914"
"icon_badge.png","652555"
"icon_bunch.png","1482101"
"icon_clock.png","886544"
"icon_money.png","961017"
"icon_puzzle.png","881834"
"icon_ticket.png","631961"
"l1q61.png","251150"
"l1q62.png","230531"
"lantern_green.png","169002"
"lantern_red.png","171453"
"lantern_yellow.png","170711"
"leaf.png","1336405"
"leafg.png","235822"
"leafo.png","249353"
"leaf_yellow.png","1831286"
"linhcongbinh5.png","863226"
"linhhaucan5.png","565908"
"namtao.png","191626"
"peach.png","376572"
"plant.png","278696"
"plant2.png","242672"
"rock.png","141729"
"rock2.png","150385"
"SonTinh.png","642632"
"stepb.png","196385"
"stepl.png","291068"
"thuyentruong5.png","1062714"
"ThuyTinh.png","1181515"
"tiger.png","265475"
"trangnguyen5.png","157825"
"trang_cheer.png","63888"
"trang_idle.png","26406"
"trang_portrait.png","964099"
"trauvang.png","213020"
"tuongquan5.png","461121"
"uocluong.png","24127"
"VuaHung.png","812752"
"water.png","227280"
"water2.png","262366"
"zodiac1.png","425770"
"zodiac2.png","188508"
"zodiac3.png","98389"
